serial_num,query_table,intent_col_index,data_lake_table,intent_col_name
1,data_mill_a.csv,0,data_mill_a.csv,Ratepayer
2,data_mill_a.csv,0,data_mill_b.csv,Ratepayer
3,data_mill_a.csv,0,data_mill_0.csv,Ratepayer
4,data_mill_a.csv,0,data_mill_1.csv,Ratepayer
5,data_mill_a.csv,0,data_mill_2.csv,Ratepayer
6,data_mill_a.csv,0,data_mill_3.csv,Ratepayer
7,data_mill_a.csv,0,data_mill_4.csv,Ratepayer
8,data_mill_a.csv,0,data_mill_5.csv,Ratepayer
9,data_mill_a.csv,0,data_mill_6.csv,Ratepayer
10,data_mill_a.csv,0,data_mill_7.csv,Ratepayer
11,data_mill_a.csv,0,data_mill_8.csv,Ratepayer
12,data_mill_a.csv,0,data_mill_9.csv,Ratepayer
13,data_mill_a.csv,0,data_mill_10.csv,Ratepayer
14,data_mill_a.csv,0,data_mill_11.csv,Ratepayer
15,data_mill_b.csv,0,data_mill_a.csv,Ratepayer
16,data_mill_b.csv,0,data_mill_b.csv,Ratepayer
17,data_mill_b.csv,0,data_mill_0.csv,Ratepayer
18,data_mill_b.csv,0,data_mill_1.csv,Ratepayer
19,data_mill_b.csv,0,data_mill_2.csv,Ratepayer
20,data_mill_b.csv,0,data_mill_3.csv,Ratepayer
21,data_mill_b.csv,0,data_mill_4.csv,Ratepayer
22,data_mill_b.csv,0,data_mill_5.csv,Ratepayer
23,data_mill_b.csv,0,data_mill_6.csv,Ratepayer
24,data_mill_b.csv,0,data_mill_7.csv,Ratepayer
25,data_mill_b.csv,0,data_mill_8.csv,Ratepayer
26,data_mill_b.csv,0,data_mill_9.csv,Ratepayer
27,data_mill_b.csv,0,data_mill_10.csv,Ratepayer
28,data_mill_b.csv,0,data_mill_11.csv,Ratepayer
29,cihr_co-applicant_a.csv,6,cihr_co-applicant_a.csv,CoAppOrgNm
30,cihr_co-applicant_a.csv,6,cihr_co-applicant_b.csv,CoAppOrgNm
31,cihr_co-applicant_a.csv,6,cihr_co-applicant_0.csv,CoAppOrgNm
32,cihr_co-applicant_a.csv,6,cihr_co-applicant_1.csv,CoAppOrgNm
33,cihr_co-applicant_a.csv,6,cihr_co-applicant_2.csv,CoAppOrgNm
34,cihr_co-applicant_a.csv,6,cihr_co-applicant_3.csv,CoAppOrgNm
35,cihr_co-applicant_a.csv,6,cihr_co-applicant_4.csv,CoAppOrgNm
36,cihr_co-applicant_a.csv,6,cihr_co-applicant_5.csv,CoAppOrgNm
37,cihr_co-applicant_a.csv,6,cihr_co-applicant_6.csv,CoAppOrgNm
38,cihr_co-applicant_a.csv,6,cihr_co-applicant_7.csv,CoAppOrgNm
39,cihr_co-applicant_a.csv,6,cihr_co-applicant_8.csv,CoAppOrgNm
40,cihr_co-applicant_a.csv,6,cihr_co-applicant_9.csv,CoAppOrgNm
41,cihr_co-applicant_b.csv,5,cihr_co-applicant_a.csv,CoAppOrgNm
42,cihr_co-applicant_b.csv,5,cihr_co-applicant_b.csv,CoAppOrgNm
43,cihr_co-applicant_b.csv,5,cihr_co-applicant_0.csv,CoAppOrgNm
44,cihr_co-applicant_b.csv,5,cihr_co-applicant_1.csv,CoAppOrgNm
45,cihr_co-applicant_b.csv,5,cihr_co-applicant_2.csv,CoAppOrgNm
46,cihr_co-applicant_b.csv,5,cihr_co-applicant_3.csv,CoAppOrgNm
47,cihr_co-applicant_b.csv,5,cihr_co-applicant_4.csv,CoAppOrgNm
48,cihr_co-applicant_b.csv,5,cihr_co-applicant_5.csv,CoAppOrgNm
49,cihr_co-applicant_b.csv,5,cihr_co-applicant_6.csv,CoAppOrgNm
50,cihr_co-applicant_b.csv,5,cihr_co-applicant_7.csv,CoAppOrgNm
51,cihr_co-applicant_b.csv,5,cihr_co-applicant_8.csv,CoAppOrgNm
52,cihr_co-applicant_b.csv,5,cihr_co-applicant_9.csv,CoAppOrgNm
53,ydn_spending_data_a.csv,4,ydn_spending_data_a.csv,Supplier Name
54,ydn_spending_data_a.csv,4,ydn_spending_data_b.csv,Supplier Name
55,ydn_spending_data_a.csv,4,ydn_spending_data_0.csv,Supplier Name
56,ydn_spending_data_a.csv,4,ydn_spending_data_1.csv,Supplier Name
57,ydn_spending_data_a.csv,4,ydn_spending_data_2.csv,Supplier Name
58,ydn_spending_data_a.csv,4,ydn_spending_data_3.csv,Supplier Name
59,ydn_spending_data_a.csv,4,ydn_spending_data_4.csv,Supplier Name
60,ydn_spending_data_a.csv,4,ydn_spending_data_5.csv,Supplier Name
61,ydn_spending_data_a.csv,4,ydn_spending_data_6.csv,Supplier Name
62,ydn_spending_data_a.csv,4,ydn_spending_data_7.csv,Supplier Name
63,ydn_spending_data_a.csv,4,ydn_spending_data_8.csv,Supplier Name
64,ydn_spending_data_a.csv,4,ydn_spending_data_9.csv,Supplier Name
65,ydn_spending_data_b.csv,6,ydn_spending_data_a.csv,Expense Area
66,ydn_spending_data_b.csv,6,ydn_spending_data_b.csv,Expense Area
67,ydn_spending_data_b.csv,6,ydn_spending_data_0.csv,Expense Area
68,ydn_spending_data_b.csv,6,ydn_spending_data_1.csv,Expense Area
69,ydn_spending_data_b.csv,6,ydn_spending_data_2.csv,Expense Area
70,ydn_spending_data_b.csv,6,ydn_spending_data_3.csv,Expense Area
71,ydn_spending_data_b.csv,6,ydn_spending_data_4.csv,Expense Area
72,ydn_spending_data_b.csv,6,ydn_spending_data_5.csv,Expense Area
73,ydn_spending_data_b.csv,6,ydn_spending_data_6.csv,Expense Area
74,ydn_spending_data_b.csv,6,ydn_spending_data_7.csv,Expense Area
75,ydn_spending_data_b.csv,6,ydn_spending_data_8.csv,Expense Area
76,ydn_spending_data_b.csv,6,ydn_spending_data_9.csv,Expense Area
77,civic_building_locations_a.csv,0,civic_building_locations_a.csv,name
78,civic_building_locations_a.csv,0,civic_building_locations_0.csv,name
79,civic_building_locations_a.csv,0,civic_building_locations_1.csv,name
80,civic_building_locations_a.csv,0,civic_building_locations_2.csv,name
81,civic_building_locations_a.csv,0,civic_building_locations_3.csv,name
82,civic_building_locations_a.csv,0,civic_building_locations_4.csv,name
83,civic_building_locations_a.csv,0,civic_building_locations_5.csv,name
84,civic_building_locations_a.csv,0,civic_building_locations_6.csv,name
85,civic_building_locations_a.csv,0,civic_building_locations_7.csv,name
86,civic_building_locations_a.csv,0,civic_building_locations_8.csv,name
87,civic_building_locations_a.csv,0,civic_building_locations_9.csv,name
88,civic_building_locations_a.csv,0,civic_building_locations_10.csv,name
89,ipopayments_a.csv,0,ipopayments_a.csv,Department family
90,ipopayments_a.csv,0,ipopayments_b.csv,Department family
91,ipopayments_a.csv,0,ipopayments_0.csv,Department family
92,ipopayments_a.csv,0,ipopayments_1.csv,Department family
93,ipopayments_a.csv,0,ipopayments_2.csv,Department family
94,ipopayments_a.csv,0,ipopayments_3.csv,Department family
95,ipopayments_a.csv,0,ipopayments_4.csv,Department family
96,ipopayments_a.csv,0,ipopayments_5.csv,Department family
97,ipopayments_a.csv,0,ipopayments_6.csv,Department family
98,ipopayments_a.csv,0,ipopayments_7.csv,Department family
99,ipopayments_a.csv,0,ipopayments_8.csv,Department family
100,ipopayments_a.csv,0,ipopayments_9.csv,Department family
101,ipopayments_a.csv,0,ipopayments_10.csv,Department family
102,ipopayments_a.csv,0,ipopayments_11.csv,Department family
103,ipopayments_a.csv,0,ipopayments_12.csv,Department family
104,ipopayments_b.csv,0,ipopayments_a.csv,Department family
105,ipopayments_b.csv,0,ipopayments_b.csv,Department family
106,ipopayments_b.csv,0,ipopayments_0.csv,Department family
107,ipopayments_b.csv,0,ipopayments_1.csv,Department family
108,ipopayments_b.csv,0,ipopayments_2.csv,Department family
109,ipopayments_b.csv,0,ipopayments_3.csv,Department family
110,ipopayments_b.csv,0,ipopayments_4.csv,Department family
111,ipopayments_b.csv,0,ipopayments_5.csv,Department family
112,ipopayments_b.csv,0,ipopayments_6.csv,Department family
113,ipopayments_b.csv,0,ipopayments_7.csv,Department family
114,ipopayments_b.csv,0,ipopayments_8.csv,Department family
115,ipopayments_b.csv,0,ipopayments_9.csv,Department family
116,ipopayments_b.csv,0,ipopayments_10.csv,Department family
117,ipopayments_b.csv,0,ipopayments_11.csv,Department family
118,ipopayments_b.csv,0,ipopayments_12.csv,Department family
119,oil_and_gas_summary_production_data_1967_1999_a.csv,1,oil_and_gas_summary_production_data_1967_1999_a.csv,Operator
120,oil_and_gas_summary_production_data_1967_1999_a.csv,1,oil_and_gas_summary_production_data_1967_1999_0.csv,Operator
121,oil_and_gas_summary_production_data_1967_1999_a.csv,1,oil_and_gas_summary_production_data_1967_1999_1.csv,Operator
122,oil_and_gas_summary_production_data_1967_1999_a.csv,1,oil_and_gas_summary_production_data_1967_1999_2.csv,Operator
123,oil_and_gas_summary_production_data_1967_1999_a.csv,1,oil_and_gas_summary_production_data_1967_1999_3.csv,Operator
124,oil_and_gas_summary_production_data_1967_1999_a.csv,1,oil_and_gas_summary_production_data_1967_1999_4.csv,Operator
125,oil_and_gas_summary_production_data_1967_1999_a.csv,1,oil_and_gas_summary_production_data_1967_1999_5.csv,Operator
126,oil_and_gas_summary_production_data_1967_1999_a.csv,1,oil_and_gas_summary_production_data_1967_1999_6.csv,Operator
127,oil_and_gas_summary_production_data_1967_1999_a.csv,1,oil_and_gas_summary_production_data_1967_1999_7.csv,Operator
128,oil_and_gas_summary_production_data_1967_1999_a.csv,1,oil_and_gas_summary_production_data_1967_1999_8.csv,Operator
129,oil_and_gas_summary_production_data_1967_1999_a.csv,1,oil_and_gas_summary_production_data_1967_1999_9.csv,Operator
130,deaths_2012_2018_a.csv,6,deaths_2012_2018_a.csv,DescriptionofInjury
131,deaths_2012_2018_a.csv,6,deaths_2012_2018_0.csv,DescriptionofInjury
132,deaths_2012_2018_a.csv,6,deaths_2012_2018_1.csv,DescriptionofInjury
133,deaths_2012_2018_a.csv,6,deaths_2012_2018_2.csv,DescriptionofInjury
134,deaths_2012_2018_a.csv,6,deaths_2012_2018_3.csv,DescriptionofInjury
135,deaths_2012_2018_a.csv,6,deaths_2012_2018_4.csv,DescriptionofInjury
136,deaths_2012_2018_a.csv,6,deaths_2012_2018_5.csv,DescriptionofInjury
137,deaths_2012_2018_a.csv,6,deaths_2012_2018_6.csv,DescriptionofInjury
138,deaths_2012_2018_a.csv,6,deaths_2012_2018_7.csv,DescriptionofInjury
139,deaths_2012_2018_a.csv,6,deaths_2012_2018_8.csv,DescriptionofInjury
140,deaths_2012_2018_a.csv,6,deaths_2012_2018_9.csv,DescriptionofInjury
141,albums_a.csv,3,albums_a.csv,album
142,albums_a.csv,3,albums_b.csv,album
143,albums_a.csv,3,albums_0.csv,album
144,albums_a.csv,3,albums_1.csv,album
145,albums_a.csv,3,albums_2.csv,album
146,albums_a.csv,3,albums_3.csv,album
147,albums_a.csv,3,albums_4.csv,album
148,albums_a.csv,3,albums_5.csv,album
149,albums_a.csv,3,albums_6.csv,album
150,albums_a.csv,3,albums_7.csv,album
151,albums_a.csv,3,albums_8.csv,album
152,albums_a.csv,3,albums_9.csv,album
153,albums_a.csv,3,albums_10.csv,album
154,albums_a.csv,3,albums_11.csv,album
155,albums_a.csv,3,albums_12.csv,album
156,albums_a.csv,3,albums_13.csv,album
157,albums_b.csv,1,albums_a.csv,album
158,albums_b.csv,1,albums_b.csv,album
159,albums_b.csv,1,albums_0.csv,album
160,albums_b.csv,1,albums_1.csv,album
161,albums_b.csv,1,albums_2.csv,album
162,albums_b.csv,1,albums_3.csv,album
163,albums_b.csv,1,albums_4.csv,album
164,albums_b.csv,1,albums_5.csv,album
165,albums_b.csv,1,albums_6.csv,album
166,albums_b.csv,1,albums_7.csv,album
167,albums_b.csv,1,albums_8.csv,album
168,albums_b.csv,1,albums_9.csv,album
169,albums_b.csv,1,albums_10.csv,album
170,albums_b.csv,1,albums_11.csv,album
171,albums_b.csv,1,albums_12.csv,album
172,albums_b.csv,1,albums_13.csv,album
173,animal_tag_data_a.csv,6,animal_tag_data_a.csv,tag_type
174,animal_tag_data_a.csv,6,animal_tag_data_b.csv,tag_type
175,animal_tag_data_a.csv,6,animal_tag_data_0.csv,tag_type
176,animal_tag_data_a.csv,6,animal_tag_data_1.csv,tag_type
177,animal_tag_data_a.csv,6,animal_tag_data_2.csv,tag_type
178,animal_tag_data_a.csv,6,animal_tag_data_3.csv,tag_type
179,animal_tag_data_a.csv,6,animal_tag_data_4.csv,tag_type
180,animal_tag_data_a.csv,6,animal_tag_data_5.csv,tag_type
181,animal_tag_data_a.csv,6,animal_tag_data_6.csv,tag_type
182,animal_tag_data_a.csv,6,animal_tag_data_7.csv,tag_type
183,animal_tag_data_a.csv,6,animal_tag_data_8.csv,tag_type
184,animal_tag_data_a.csv,6,animal_tag_data_9.csv,tag_type
185,animal_tag_data_b.csv,5,animal_tag_data_a.csv,tag_type
186,animal_tag_data_b.csv,5,animal_tag_data_b.csv,tag_type
187,animal_tag_data_b.csv,5,animal_tag_data_0.csv,tag_type
188,animal_tag_data_b.csv,5,animal_tag_data_1.csv,tag_type
189,animal_tag_data_b.csv,5,animal_tag_data_2.csv,tag_type
190,animal_tag_data_b.csv,5,animal_tag_data_3.csv,tag_type
191,animal_tag_data_b.csv,5,animal_tag_data_4.csv,tag_type
192,animal_tag_data_b.csv,5,animal_tag_data_5.csv,tag_type
193,animal_tag_data_b.csv,5,animal_tag_data_6.csv,tag_type
194,animal_tag_data_b.csv,5,animal_tag_data_7.csv,tag_type
195,animal_tag_data_b.csv,5,animal_tag_data_8.csv,tag_type
196,animal_tag_data_b.csv,5,animal_tag_data_9.csv,tag_type
197,new_york_city_restaurant_inspection_results_a.csv,1,new_york_city_restaurant_inspection_results_a.csv,DBA
198,new_york_city_restaurant_inspection_results_a.csv,1,new_york_city_restaurant_inspection_results_0.csv,DBA
199,new_york_city_restaurant_inspection_results_a.csv,1,new_york_city_restaurant_inspection_results_1.csv,DBA
200,new_york_city_restaurant_inspection_results_a.csv,1,new_york_city_restaurant_inspection_results_2.csv,DBA
201,new_york_city_restaurant_inspection_results_a.csv,1,new_york_city_restaurant_inspection_results_3.csv,DBA
202,new_york_city_restaurant_inspection_results_a.csv,1,new_york_city_restaurant_inspection_results_4.csv,DBA
203,new_york_city_restaurant_inspection_results_a.csv,1,new_york_city_restaurant_inspection_results_5.csv,DBA
204,new_york_city_restaurant_inspection_results_a.csv,1,new_york_city_restaurant_inspection_results_6.csv,DBA
205,new_york_city_restaurant_inspection_results_a.csv,1,new_york_city_restaurant_inspection_results_7.csv,DBA
206,new_york_city_restaurant_inspection_results_a.csv,1,new_york_city_restaurant_inspection_results_8.csv,DBA
207,new_york_city_restaurant_inspection_results_a.csv,1,new_york_city_restaurant_inspection_results_9.csv,DBA
208,new_york_city_restaurant_inspection_results_a.csv,1,new_york_city_restaurant_inspection_results_10.csv,DBA
209,new_york_city_restaurant_inspection_results_a.csv,1,new_york_city_restaurant_inspection_results_11.csv,DBA
210,new_york_city_restaurant_inspection_results_a.csv,1,new_york_city_restaurant_inspection_results_12.csv,DBA
211,new_york_city_restaurant_inspection_results_a.csv,1,new_york_city_restaurant_inspection_results_13.csv,DBA
212,new_york_city_restaurant_inspection_results_a.csv,1,new_york_city_restaurant_inspection_results_14.csv,DBA
213,new_york_city_restaurant_inspection_results_a.csv,1,new_york_city_restaurant_inspection_results_15.csv,DBA
214,new_york_city_restaurant_inspection_results_a.csv,1,new_york_city_restaurant_inspection_results_16.csv,DBA
215,new_york_city_restaurant_inspection_results_a.csv,1,new_york_city_restaurant_inspection_results_17.csv,DBA
216,new_york_city_restaurant_inspection_results_a.csv,1,new_york_city_restaurant_inspection_results_18.csv,DBA
217,new_york_city_restaurant_inspection_results_a.csv,1,new_york_city_restaurant_inspection_results_19.csv,DBA
218,new_york_city_restaurant_inspection_results_a.csv,1,new_york_city_restaurant_inspection_results_20.csv,DBA
219,new_york_city_restaurant_inspection_results_a.csv,1,new_york_city_restaurant_inspection_results_21.csv,DBA
220,new_york_city_restaurant_inspection_results_a.csv,1,new_york_city_restaurant_inspection_results_22.csv,DBA
221,new_york_city_restaurant_inspection_results_a.csv,1,new_york_city_restaurant_inspection_results_23.csv,DBA
222,new_york_city_restaurant_inspection_results_a.csv,1,new_york_city_restaurant_inspection_results_24.csv,DBA
223,new_york_city_restaurant_inspection_results_a.csv,1,new_york_city_restaurant_inspection_results_25.csv,DBA
224,new_york_city_restaurant_inspection_results_a.csv,1,new_york_city_restaurant_inspection_results_26.csv,DBA
225,new_york_city_restaurant_inspection_results_a.csv,1,new_york_city_restaurant_inspection_results_27.csv,DBA
226,new_york_city_restaurant_inspection_results_a.csv,1,new_york_city_restaurant_inspection_results_28.csv,DBA
227,new_york_city_restaurant_inspection_results_a.csv,1,new_york_city_restaurant_inspection_results_29.csv,DBA
228,business_rates_a.csv,3,business_rates_a.csv,AccountName
229,business_rates_a.csv,3,business_rates_0.csv,AccountName
230,business_rates_a.csv,3,business_rates_1.csv,AccountName
231,business_rates_a.csv,3,business_rates_2.csv,AccountName
232,business_rates_a.csv,3,business_rates_3.csv,AccountName
233,business_rates_a.csv,3,business_rates_4.csv,AccountName
234,business_rates_a.csv,3,business_rates_5.csv,AccountName
235,business_rates_a.csv,3,business_rates_6.csv,AccountName
236,business_rates_a.csv,3,business_rates_7.csv,AccountName
237,business_rates_a.csv,3,business_rates_8.csv,AccountName
238,business_rates_a.csv,3,business_rates_9.csv,AccountName
239,business_rates_a.csv,3,business_rates_10.csv,AccountName
240,biodiversity_a.csv,4,biodiversity_a.csv,Common Name
241,biodiversity_a.csv,4,biodiversity_0.csv,Common Name
242,biodiversity_a.csv,4,biodiversity_1.csv,Common Name
243,biodiversity_a.csv,4,biodiversity_2.csv,Common Name
244,biodiversity_a.csv,4,biodiversity_3.csv,Common Name
245,biodiversity_a.csv,4,biodiversity_4.csv,Common Name
246,biodiversity_a.csv,4,biodiversity_5.csv,Common Name
247,biodiversity_a.csv,4,biodiversity_6.csv,Common Name
248,biodiversity_a.csv,4,biodiversity_7.csv,Common Name
249,biodiversity_a.csv,4,biodiversity_8.csv,Common Name
250,biodiversity_a.csv,4,biodiversity_9.csv,Common Name
251,contributors_parties_a.csv,2,contributors_parties_a.csv,Recipient
252,contributors_parties_a.csv,2,contributors_parties_b.csv,Recipient
253,contributors_parties_a.csv,2,contributors_parties_0.csv,Recipient
254,contributors_parties_a.csv,2,contributors_parties_1.csv,Recipient
255,contributors_parties_a.csv,2,contributors_parties_2.csv,Recipient
256,contributors_parties_a.csv,2,contributors_parties_3.csv,Recipient
257,contributors_parties_a.csv,2,contributors_parties_4.csv,Recipient
258,contributors_parties_a.csv,2,contributors_parties_5.csv,Recipient
259,contributors_parties_a.csv,2,contributors_parties_6.csv,Recipient
260,contributors_parties_a.csv,2,contributors_parties_7.csv,Recipient
261,contributors_parties_a.csv,2,contributors_parties_8.csv,Recipient
262,contributors_parties_a.csv,2,contributors_parties_9.csv,Recipient
263,contributors_parties_a.csv,2,contributors_parties_10.csv,Recipient
264,contributors_parties_a.csv,2,contributors_parties_11.csv,Recipient
265,contributors_parties_a.csv,2,contributors_parties_12.csv,Recipient
266,contributors_parties_a.csv,2,contributors_parties_13.csv,Recipient
267,contributors_parties_a.csv,2,contributors_parties_14.csv,Recipient
268,contributors_parties_a.csv,2,contributors_parties_15.csv,Recipient
269,contributors_parties_a.csv,2,contributors_parties_16.csv,Recipient
270,contributors_parties_a.csv,2,contributors_parties_17.csv,Recipient
271,contributors_parties_a.csv,2,contributors_parties_18.csv,Recipient
272,contributors_parties_b.csv,1,contributors_parties_a.csv,Recipient
273,contributors_parties_b.csv,1,contributors_parties_b.csv,Recipient
274,contributors_parties_b.csv,1,contributors_parties_0.csv,Recipient
275,contributors_parties_b.csv,1,contributors_parties_1.csv,Recipient
276,contributors_parties_b.csv,1,contributors_parties_2.csv,Recipient
277,contributors_parties_b.csv,1,contributors_parties_3.csv,Recipient
278,contributors_parties_b.csv,1,contributors_parties_4.csv,Recipient
279,contributors_parties_b.csv,1,contributors_parties_5.csv,Recipient
280,contributors_parties_b.csv,1,contributors_parties_6.csv,Recipient
281,contributors_parties_b.csv,1,contributors_parties_7.csv,Recipient
282,contributors_parties_b.csv,1,contributors_parties_8.csv,Recipient
283,contributors_parties_b.csv,1,contributors_parties_9.csv,Recipient
284,contributors_parties_b.csv,1,contributors_parties_10.csv,Recipient
285,contributors_parties_b.csv,1,contributors_parties_11.csv,Recipient
286,contributors_parties_b.csv,1,contributors_parties_12.csv,Recipient
287,contributors_parties_b.csv,1,contributors_parties_13.csv,Recipient
288,contributors_parties_b.csv,1,contributors_parties_14.csv,Recipient
289,contributors_parties_b.csv,1,contributors_parties_15.csv,Recipient
290,contributors_parties_b.csv,1,contributors_parties_16.csv,Recipient
291,contributors_parties_b.csv,1,contributors_parties_17.csv,Recipient
292,contributors_parties_b.csv,1,contributors_parties_18.csv,Recipient
293,workforce_management_information_a.csv,2,workforce_management_information_a.csv,"Main, parent or sponsoring department"
294,workforce_management_information_a.csv,2,workforce_management_information_b.csv,"Main, parent or sponsoring department"
295,workforce_management_information_a.csv,2,workforce_management_information_0.csv,"Main, parent or sponsoring department"
296,workforce_management_information_a.csv,2,workforce_management_information_1.csv,"Main, parent or sponsoring department"
297,workforce_management_information_a.csv,2,workforce_management_information_2.csv,"Main, parent or sponsoring department"
298,workforce_management_information_a.csv,2,workforce_management_information_3.csv,"Main, parent or sponsoring department"
299,workforce_management_information_a.csv,2,workforce_management_information_4.csv,"Main, parent or sponsoring department"
300,workforce_management_information_a.csv,2,workforce_management_information_5.csv,"Main, parent or sponsoring department"
301,workforce_management_information_a.csv,2,workforce_management_information_6.csv,"Main, parent or sponsoring department"
302,workforce_management_information_a.csv,2,workforce_management_information_7.csv,"Main, parent or sponsoring department"
303,workforce_management_information_a.csv,2,workforce_management_information_8.csv,"Main, parent or sponsoring department"
304,workforce_management_information_a.csv,2,workforce_management_information_9.csv,"Main, parent or sponsoring department"
305,workforce_management_information_a.csv,2,workforce_management_information_10.csv,"Main, parent or sponsoring department"
306,workforce_management_information_a.csv,2,workforce_management_information_11.csv,"Main, parent or sponsoring department"
307,workforce_management_information_a.csv,2,workforce_management_information_12.csv,"Main, parent or sponsoring department"
308,workforce_management_information_a.csv,2,workforce_management_information_13.csv,"Main, parent or sponsoring department"
309,workforce_management_information_a.csv,2,workforce_management_information_14.csv,"Main, parent or sponsoring department"
310,workforce_management_information_a.csv,2,workforce_management_information_15.csv,"Main, parent or sponsoring department"
311,workforce_management_information_b.csv,2,workforce_management_information_a.csv,"Main, parent or sponsoring department"
312,workforce_management_information_b.csv,2,workforce_management_information_b.csv,"Main, parent or sponsoring department"
313,workforce_management_information_b.csv,2,workforce_management_information_0.csv,"Main, parent or sponsoring department"
314,workforce_management_information_b.csv,2,workforce_management_information_1.csv,"Main, parent or sponsoring department"
315,workforce_management_information_b.csv,2,workforce_management_information_2.csv,"Main, parent or sponsoring department"
316,workforce_management_information_b.csv,2,workforce_management_information_3.csv,"Main, parent or sponsoring department"
317,workforce_management_information_b.csv,2,workforce_management_information_4.csv,"Main, parent or sponsoring department"
318,workforce_management_information_b.csv,2,workforce_management_information_5.csv,"Main, parent or sponsoring department"
319,workforce_management_information_b.csv,2,workforce_management_information_6.csv,"Main, parent or sponsoring department"
320,workforce_management_information_b.csv,2,workforce_management_information_7.csv,"Main, parent or sponsoring department"
321,workforce_management_information_b.csv,2,workforce_management_information_8.csv,"Main, parent or sponsoring department"
322,workforce_management_information_b.csv,2,workforce_management_information_9.csv,"Main, parent or sponsoring department"
323,workforce_management_information_b.csv,2,workforce_management_information_10.csv,"Main, parent or sponsoring department"
324,workforce_management_information_b.csv,2,workforce_management_information_11.csv,"Main, parent or sponsoring department"
325,workforce_management_information_b.csv,2,workforce_management_information_12.csv,"Main, parent or sponsoring department"
326,workforce_management_information_b.csv,2,workforce_management_information_13.csv,"Main, parent or sponsoring department"
327,workforce_management_information_b.csv,2,workforce_management_information_14.csv,"Main, parent or sponsoring department"
328,workforce_management_information_b.csv,2,workforce_management_information_15.csv,"Main, parent or sponsoring department"
329,wholesale_markets_a.csv,1,wholesale_markets_a.csv,ACCOUNT NAME
330,wholesale_markets_a.csv,1,wholesale_markets_0.csv,ACCOUNT NAME
331,wholesale_markets_a.csv,1,wholesale_markets_1.csv,ACCOUNT NAME
332,wholesale_markets_a.csv,1,wholesale_markets_2.csv,ACCOUNT NAME
333,wholesale_markets_a.csv,1,wholesale_markets_3.csv,ACCOUNT NAME
334,wholesale_markets_a.csv,1,wholesale_markets_4.csv,ACCOUNT NAME
335,wholesale_markets_a.csv,1,wholesale_markets_5.csv,ACCOUNT NAME
336,wholesale_markets_a.csv,1,wholesale_markets_6.csv,ACCOUNT NAME
337,wholesale_markets_a.csv,1,wholesale_markets_7.csv,ACCOUNT NAME
338,wholesale_markets_a.csv,1,wholesale_markets_8.csv,ACCOUNT NAME
339,wholesale_markets_a.csv,1,wholesale_markets_9.csv,ACCOUNT NAME
340,senior_officials_expenses_a.csv,0,senior_officials_expenses_a.csv,Name of Official
341,senior_officials_expenses_a.csv,0,senior_officials_expenses_0.csv,Name of Official
342,senior_officials_expenses_a.csv,0,senior_officials_expenses_1.csv,Name of Official
343,senior_officials_expenses_a.csv,0,senior_officials_expenses_2.csv,Name of Official
344,senior_officials_expenses_a.csv,0,senior_officials_expenses_3.csv,Name of Official
345,senior_officials_expenses_a.csv,0,senior_officials_expenses_4.csv,Name of Official
346,senior_officials_expenses_a.csv,0,senior_officials_expenses_5.csv,Name of Official
347,senior_officials_expenses_a.csv,0,senior_officials_expenses_6.csv,Name of Official
348,senior_officials_expenses_a.csv,0,senior_officials_expenses_7.csv,Name of Official
349,senior_officials_expenses_a.csv,0,senior_officials_expenses_8.csv,Name of Official
350,senior_officials_expenses_a.csv,0,senior_officials_expenses_9.csv,Name of Official
351,monthly_data_feed_a.csv,3,monthly_data_feed_a.csv,LocationName
352,monthly_data_feed_a.csv,3,monthly_data_feed_b.csv,LocationName
353,monthly_data_feed_a.csv,3,monthly_data_feed_0.csv,LocationName
354,monthly_data_feed_a.csv,3,monthly_data_feed_1.csv,LocationName
355,monthly_data_feed_a.csv,3,monthly_data_feed_2.csv,LocationName
356,monthly_data_feed_a.csv,3,monthly_data_feed_3.csv,LocationName
357,monthly_data_feed_a.csv,3,monthly_data_feed_4.csv,LocationName
358,monthly_data_feed_a.csv,3,monthly_data_feed_5.csv,LocationName
359,monthly_data_feed_a.csv,3,monthly_data_feed_6.csv,LocationName
360,monthly_data_feed_a.csv,3,monthly_data_feed_7.csv,LocationName
361,monthly_data_feed_a.csv,3,monthly_data_feed_8.csv,LocationName
362,monthly_data_feed_a.csv,3,monthly_data_feed_9.csv,LocationName
362,monthly_data_feed_a.csv,3,monthly_data_feed_10.csv,LocationName
363,monthly_data_feed_b.csv,1,monthly_data_feed_a.csv,Location
364,monthly_data_feed_b.csv,1,monthly_data_feed_b.csv,Location
365,monthly_data_feed_b.csv,1,monthly_data_feed_0.csv,Location
366,monthly_data_feed_b.csv,1,monthly_data_feed_1.csv,Location
367,monthly_data_feed_b.csv,1,monthly_data_feed_2.csv,Location
368,monthly_data_feed_b.csv,1,monthly_data_feed_3.csv,Location
369,monthly_data_feed_b.csv,1,monthly_data_feed_4.csv,Location
370,monthly_data_feed_b.csv,1,monthly_data_feed_5.csv,Location
371,monthly_data_feed_b.csv,1,monthly_data_feed_6.csv,Location
372,monthly_data_feed_b.csv,1,monthly_data_feed_7.csv,Location
373,monthly_data_feed_b.csv,1,monthly_data_feed_8.csv,Location
374,monthly_data_feed_b.csv,1,monthly_data_feed_9.csv,Location
374,monthly_data_feed_b.csv,1,monthly_data_feed_10.csv,Location
375,tuition_assistance_program_tap_recipients_a.csv,3,tuition_assistance_program_tap_recipients_a.csv,TAP Sector Group
376,tuition_assistance_program_tap_recipients_a.csv,3,tuition_assistance_program_tap_recipients_0.csv,TAP Sector Group
377,tuition_assistance_program_tap_recipients_a.csv,3,tuition_assistance_program_tap_recipients_1.csv,TAP Sector Group
378,tuition_assistance_program_tap_recipients_a.csv,3,tuition_assistance_program_tap_recipients_2.csv,TAP Sector Group
379,tuition_assistance_program_tap_recipients_a.csv,3,tuition_assistance_program_tap_recipients_3.csv,TAP Sector Group
380,tuition_assistance_program_tap_recipients_a.csv,3,tuition_assistance_program_tap_recipients_4.csv,TAP Sector Group
381,tuition_assistance_program_tap_recipients_a.csv,3,tuition_assistance_program_tap_recipients_5.csv,TAP Sector Group
382,tuition_assistance_program_tap_recipients_a.csv,3,tuition_assistance_program_tap_recipients_6.csv,TAP Sector Group
383,tuition_assistance_program_tap_recipients_a.csv,3,tuition_assistance_program_tap_recipients_7.csv,TAP Sector Group
384,tuition_assistance_program_tap_recipients_a.csv,3,tuition_assistance_program_tap_recipients_8.csv,TAP Sector Group
385,tuition_assistance_program_tap_recipients_a.csv,3,tuition_assistance_program_tap_recipients_9.csv,TAP Sector Group
386,time_spent_watching_vcr_movies_a.csv,2,time_spent_watching_vcr_movies_a.csv,Activity
387,time_spent_watching_vcr_movies_a.csv,2,time_spent_watching_vcr_movies_0.csv,Activity
388,time_spent_watching_vcr_movies_a.csv,2,time_spent_watching_vcr_movies_1.csv,Activity
389,time_spent_watching_vcr_movies_a.csv,2,time_spent_watching_vcr_movies_2.csv,Activity
390,time_spent_watching_vcr_movies_a.csv,2,time_spent_watching_vcr_movies_3.csv,Activity
391,time_spent_watching_vcr_movies_a.csv,2,time_spent_watching_vcr_movies_4.csv,Activity
392,time_spent_watching_vcr_movies_a.csv,2,time_spent_watching_vcr_movies_5.csv,Activity
393,time_spent_watching_vcr_movies_a.csv,2,time_spent_watching_vcr_movies_6.csv,Activity
394,time_spent_watching_vcr_movies_a.csv,2,time_spent_watching_vcr_movies_7.csv,Activity
395,time_spent_watching_vcr_movies_a.csv,2,time_spent_watching_vcr_movies_8.csv,Activity
396,time_spent_watching_vcr_movies_a.csv,2,time_spent_watching_vcr_movies_9.csv,Activity
397,complaint_by_practice_a.csv,2,complaint_by_practice_a.csv,PracticeName
398,complaint_by_practice_a.csv,2,complaint_by_practice_b.csv,PracticeName
399,complaint_by_practice_a.csv,2,complaint_by_practice_0.csv,PracticeName
400,complaint_by_practice_a.csv,2,complaint_by_practice_1.csv,PracticeName
401,complaint_by_practice_a.csv,2,complaint_by_practice_2.csv,PracticeName
402,complaint_by_practice_a.csv,2,complaint_by_practice_3.csv,PracticeName
403,complaint_by_practice_a.csv,2,complaint_by_practice_4.csv,PracticeName
404,complaint_by_practice_a.csv,2,complaint_by_practice_5.csv,PracticeName
405,complaint_by_practice_a.csv,2,complaint_by_practice_6.csv,PracticeName
406,complaint_by_practice_a.csv,2,complaint_by_practice_7.csv,PracticeName
407,complaint_by_practice_a.csv,2,complaint_by_practice_8.csv,PracticeName
408,complaint_by_practice_a.csv,2,complaint_by_practice_9.csv,PracticeName
409,complaint_by_practice_a.csv,2,complaint_by_practice_10.csv,PracticeName
410,complaint_by_practice_b.csv,3,complaint_by_practice_a.csv,PracticeName
411,complaint_by_practice_b.csv,3,complaint_by_practice_b.csv,PracticeName
412,complaint_by_practice_b.csv,3,complaint_by_practice_0.csv,PracticeName
413,complaint_by_practice_b.csv,3,complaint_by_practice_1.csv,PracticeName
414,complaint_by_practice_b.csv,3,complaint_by_practice_2.csv,PracticeName
415,complaint_by_practice_b.csv,3,complaint_by_practice_3.csv,PracticeName
416,complaint_by_practice_b.csv,3,complaint_by_practice_4.csv,PracticeName
417,complaint_by_practice_b.csv,3,complaint_by_practice_5.csv,PracticeName
418,complaint_by_practice_b.csv,3,complaint_by_practice_6.csv,PracticeName
419,complaint_by_practice_b.csv,3,complaint_by_practice_7.csv,PracticeName
420,complaint_by_practice_b.csv,3,complaint_by_practice_8.csv,PracticeName
421,complaint_by_practice_b.csv,3,complaint_by_practice_9.csv,PracticeName
422,complaint_by_practice_b.csv,3,complaint_by_practice_10.csv,PracticeName
423,311_calls_historic_data_a.csv,7,311_calls_historic_data_a.csv,case_title
424,311_calls_historic_data_a.csv,7,311_calls_historic_data_0.csv,case_title
425,311_calls_historic_data_a.csv,7,311_calls_historic_data_1.csv,case_title
426,311_calls_historic_data_a.csv,7,311_calls_historic_data_2.csv,case_title
427,311_calls_historic_data_a.csv,7,311_calls_historic_data_3.csv,case_title
428,311_calls_historic_data_a.csv,7,311_calls_historic_data_4.csv,case_title
429,311_calls_historic_data_a.csv,7,311_calls_historic_data_5.csv,case_title
430,311_calls_historic_data_a.csv,7,311_calls_historic_data_6.csv,case_title
431,311_calls_historic_data_a.csv,7,311_calls_historic_data_7.csv,case_title
432,311_calls_historic_data_a.csv,7,311_calls_historic_data_8.csv,case_title
433,311_calls_historic_data_a.csv,7,311_calls_historic_data_9.csv,case_title
434,abandoned_wells_a.csv,4,abandoned_wells_a.csv,WELL NAME
435,abandoned_wells_a.csv,4,abandoned_wells_0.csv,WELL NAME
436,abandoned_wells_a.csv,4,abandoned_wells_1.csv,WELL NAME
437,abandoned_wells_a.csv,4,abandoned_wells_2.csv,WELL NAME
438,abandoned_wells_a.csv,4,abandoned_wells_3.csv,WELL NAME
439,abandoned_wells_a.csv,4,abandoned_wells_4.csv,WELL NAME
440,abandoned_wells_a.csv,4,abandoned_wells_5.csv,WELL NAME
441,abandoned_wells_a.csv,4,abandoned_wells_6.csv,WELL NAME
442,abandoned_wells_a.csv,4,abandoned_wells_7.csv,WELL NAME
443,abandoned_wells_a.csv,4,abandoned_wells_8.csv,WELL NAME
444,abandoned_wells_a.csv,4,abandoned_wells_9.csv,WELL NAME
445,immigration_records_a.csv,0,immigration_records_a.csv,Immigration_Records
446,immigration_records_a.csv,0,immigration_records_0.csv,Immigration_Records
447,immigration_records_a.csv,0,immigration_records_1.csv,Immigration_Records
448,immigration_records_a.csv,0,immigration_records_2.csv,Immigration_Records
449,immigration_records_a.csv,0,immigration_records_3.csv,Immigration_Records
450,immigration_records_a.csv,0,immigration_records_4.csv,Immigration_Records
451,immigration_records_a.csv,0,immigration_records_5.csv,Immigration_Records
452,immigration_records_a.csv,0,immigration_records_6.csv,Immigration_Records
453,immigration_records_a.csv,0,immigration_records_7.csv,Immigration_Records
454,immigration_records_a.csv,0,immigration_records_8.csv,Immigration_Records
455,immigration_records_a.csv,0,immigration_records_9.csv,Immigration_Records
456,immigration_records_a.csv,0,immigration_records_10.csv,Immigration_Records
457,immigration_records_a.csv,0,immigration_records_11.csv,Immigration_Records
458,immigration_records_a.csv,0,immigration_records_12.csv,Immigration_Records
459,immigration_records_a.csv,0,immigration_records_13.csv,Immigration_Records
460,immigration_records_a.csv,0,immigration_records_14.csv,Immigration_Records
461,film_locations_in_san_francisco_a.csv,0,film_locations_in_san_francisco_a.csv,Title
462,film_locations_in_san_francisco_a.csv,0,film_locations_in_san_francisco_0.csv,Title
463,film_locations_in_san_francisco_a.csv,0,film_locations_in_san_francisco_1.csv,Title
464,film_locations_in_san_francisco_a.csv,0,film_locations_in_san_francisco_2.csv,Title
465,film_locations_in_san_francisco_a.csv,0,film_locations_in_san_francisco_3.csv,Title
466,film_locations_in_san_francisco_a.csv,0,film_locations_in_san_francisco_4.csv,Title
467,film_locations_in_san_francisco_a.csv,0,film_locations_in_san_francisco_5.csv,Title
468,film_locations_in_san_francisco_a.csv,0,film_locations_in_san_francisco_6.csv,Title
469,film_locations_in_san_francisco_a.csv,0,film_locations_in_san_francisco_7.csv,Title
470,film_locations_in_san_francisco_a.csv,0,film_locations_in_san_francisco_8.csv,Title
471,film_locations_in_san_francisco_a.csv,0,film_locations_in_san_francisco_9.csv,Title
472,film_locations_in_san_francisco_a.csv,0,film_locations_in_san_francisco_10.csv,Title
473,film_locations_in_san_francisco_a.csv,0,film_locations_in_san_francisco_11.csv,Title
474,psyckes_antipsychotic_polypharmacy_quality_indicators_beginning_2012_a.csv,3,psyckes_antipsychotic_polypharmacy_quality_indicators_beginning_2012_a.csv,Provider
475,psyckes_antipsychotic_polypharmacy_quality_indicators_beginning_2012_a.csv,3,psyckes_antipsychotic_polypharmacy_quality_indicators_beginning_2012_0.csv,Provider
476,psyckes_antipsychotic_polypharmacy_quality_indicators_beginning_2012_a.csv,3,psyckes_antipsychotic_polypharmacy_quality_indicators_beginning_2012_1.csv,Provider
477,psyckes_antipsychotic_polypharmacy_quality_indicators_beginning_2012_a.csv,3,psyckes_antipsychotic_polypharmacy_quality_indicators_beginning_2012_2.csv,Provider
478,psyckes_antipsychotic_polypharmacy_quality_indicators_beginning_2012_a.csv,3,psyckes_antipsychotic_polypharmacy_quality_indicators_beginning_2012_3.csv,Provider
479,psyckes_antipsychotic_polypharmacy_quality_indicators_beginning_2012_a.csv,3,psyckes_antipsychotic_polypharmacy_quality_indicators_beginning_2012_4.csv,Provider
480,psyckes_antipsychotic_polypharmacy_quality_indicators_beginning_2012_a.csv,3,psyckes_antipsychotic_polypharmacy_quality_indicators_beginning_2012_5.csv,Provider
481,psyckes_antipsychotic_polypharmacy_quality_indicators_beginning_2012_a.csv,3,psyckes_antipsychotic_polypharmacy_quality_indicators_beginning_2012_6.csv,Provider
482,psyckes_antipsychotic_polypharmacy_quality_indicators_beginning_2012_a.csv,3,psyckes_antipsychotic_polypharmacy_quality_indicators_beginning_2012_7.csv,Provider
483,psyckes_antipsychotic_polypharmacy_quality_indicators_beginning_2012_a.csv,3,psyckes_antipsychotic_polypharmacy_quality_indicators_beginning_2012_8.csv,Provider
484,psyckes_antipsychotic_polypharmacy_quality_indicators_beginning_2012_a.csv,3,psyckes_antipsychotic_polypharmacy_quality_indicators_beginning_2012_9.csv,Provider
485,report_card_discipline_for_2015_16_a.csv,7,report_card_discipline_for_2015_16_a.csv,SchoolName
486,report_card_discipline_for_2015_16_a.csv,7,report_card_discipline_for_2015_16_0.csv,SchoolName
487,report_card_discipline_for_2015_16_a.csv,7,report_card_discipline_for_2015_16_1.csv,SchoolName
488,report_card_discipline_for_2015_16_a.csv,7,report_card_discipline_for_2015_16_2.csv,SchoolName
489,report_card_discipline_for_2015_16_a.csv,7,report_card_discipline_for_2015_16_3.csv,SchoolName
490,report_card_discipline_for_2015_16_a.csv,7,report_card_discipline_for_2015_16_4.csv,SchoolName
491,report_card_discipline_for_2015_16_a.csv,7,report_card_discipline_for_2015_16_5.csv,SchoolName
492,report_card_discipline_for_2015_16_a.csv,7,report_card_discipline_for_2015_16_6.csv,SchoolName
493,report_card_discipline_for_2015_16_a.csv,7,report_card_discipline_for_2015_16_7.csv,SchoolName
494,report_card_discipline_for_2015_16_a.csv,7,report_card_discipline_for_2015_16_8.csv,SchoolName
495,report_card_discipline_for_2015_16_a.csv,7,report_card_discipline_for_2015_16_9.csv,SchoolName
496,job_pay_scales_a.csv,7,job_pay_scales_a.csv,Generic Job Title
497,job_pay_scales_a.csv,7,job_pay_scales_0.csv,Generic Job Title
498,job_pay_scales_a.csv,7,job_pay_scales_1.csv,Generic Job Title
499,job_pay_scales_a.csv,7,job_pay_scales_2.csv,Generic Job Title
500,job_pay_scales_a.csv,7,job_pay_scales_3.csv,Generic Job Title
501,job_pay_scales_a.csv,7,job_pay_scales_4.csv,Generic Job Title
502,job_pay_scales_a.csv,7,job_pay_scales_5.csv,Generic Job Title
503,job_pay_scales_a.csv,7,job_pay_scales_6.csv,Generic Job Title
504,job_pay_scales_a.csv,7,job_pay_scales_7.csv,Generic Job Title
505,job_pay_scales_a.csv,7,job_pay_scales_8.csv,Generic Job Title
506,job_pay_scales_a.csv,7,job_pay_scales_9.csv,Generic Job Title
507,job_pay_scales_a.csv,7,job_pay_scales_10.csv,Generic Job Title
508,job_pay_scales_a.csv,7,job_pay_scales_11.csv,Generic Job Title
509,job_pay_scales_a.csv,7,job_pay_scales_12.csv,Generic Job Title
510,job_pay_scales_a.csv,7,job_pay_scales_13.csv,Generic Job Title
511,purchasing_card_a.csv,2,purchasing_card_a.csv,Service Category Label
512,purchasing_card_a.csv,2,purchasing_card_0.csv,Service Category Label
513,purchasing_card_a.csv,2,purchasing_card_1.csv,Service Category Label
514,purchasing_card_a.csv,2,purchasing_card_2.csv,Service Category Label
515,purchasing_card_a.csv,2,purchasing_card_3.csv,Service Category Label
516,purchasing_card_a.csv,2,purchasing_card_4.csv,Service Category Label
517,purchasing_card_a.csv,2,purchasing_card_5.csv,Service Category Label
518,purchasing_card_a.csv,2,purchasing_card_6.csv,Service Category Label
519,purchasing_card_a.csv,2,purchasing_card_7.csv,Service Category Label
520,purchasing_card_a.csv,2,purchasing_card_8.csv,Service Category Label
521,purchasing_card_a.csv,2,purchasing_card_9.csv,Service Category Label
522,purchasing_card_a.csv,2,purchasing_card_10.csv,Service Category Label
523,purchasing_card_a.csv,2,purchasing_card_11.csv,Service Category Label
524,minister_meetings_a.csv,0,minister_meetings_a.csv,Minister
525,minister_meetings_a.csv,0,minister_meetings_0.csv,Minister
526,minister_meetings_a.csv,0,minister_meetings_1.csv,Minister
527,minister_meetings_a.csv,0,minister_meetings_2.csv,Minister
528,minister_meetings_a.csv,0,minister_meetings_3.csv,Minister
529,minister_meetings_a.csv,0,minister_meetings_4.csv,Minister
530,minister_meetings_a.csv,0,minister_meetings_5.csv,Minister
531,minister_meetings_a.csv,0,minister_meetings_6.csv,Minister
532,minister_meetings_a.csv,0,minister_meetings_7.csv,Minister
533,minister_meetings_a.csv,0,minister_meetings_8.csv,Minister
534,minister_meetings_a.csv,0,minister_meetings_9.csv,Minister
535,lane_description_a.csv,5,lane_description_a.csv,LaneDescription
536,lane_description_a.csv,5,lane_description_b.csv,LaneDescription
537,lane_description_a.csv,5,lane_description_0.csv,LaneDescription
538,lane_description_a.csv,5,lane_description_1.csv,LaneDescription
539,lane_description_a.csv,5,lane_description_2.csv,LaneDescription
540,lane_description_a.csv,5,lane_description_3.csv,LaneDescription
541,lane_description_a.csv,5,lane_description_4.csv,LaneDescription
542,lane_description_a.csv,5,lane_description_5.csv,LaneDescription
543,lane_description_a.csv,5,lane_description_6.csv,LaneDescription
544,lane_description_a.csv,5,lane_description_7.csv,LaneDescription
545,lane_description_a.csv,5,lane_description_8.csv,LaneDescription
546,lane_description_a.csv,5,lane_description_9.csv,LaneDescription
547,lane_description_a.csv,5,lane_description_10.csv,LaneDescription
548,lane_description_a.csv,5,lane_description_11.csv,LaneDescription
549,lane_description_a.csv,5,lane_description_12.csv,LaneDescription
550,lane_description_a.csv,5,lane_description_13.csv,LaneDescription
551,lane_description_b.csv,5,lane_description_a.csv,LaneDescription
552,lane_description_b.csv,5,lane_description_b.csv,LaneDescription
553,lane_description_b.csv,5,lane_description_0.csv,LaneDescription
554,lane_description_b.csv,5,lane_description_1.csv,LaneDescription
555,lane_description_b.csv,5,lane_description_2.csv,LaneDescription
556,lane_description_b.csv,5,lane_description_3.csv,LaneDescription
557,lane_description_b.csv,5,lane_description_4.csv,LaneDescription
558,lane_description_b.csv,5,lane_description_5.csv,LaneDescription
559,lane_description_b.csv,5,lane_description_6.csv,LaneDescription
560,lane_description_b.csv,5,lane_description_7.csv,LaneDescription
561,lane_description_b.csv,5,lane_description_8.csv,LaneDescription
562,lane_description_b.csv,5,lane_description_9.csv,LaneDescription
563,lane_description_b.csv,5,lane_description_10.csv,LaneDescription
564,lane_description_b.csv,5,lane_description_11.csv,LaneDescription
565,lane_description_b.csv,5,lane_description_12.csv,LaneDescription
566,lane_description_b.csv,5,lane_description_13.csv,LaneDescription
567,mines_a.csv,2,mines_a.csv,MINE
568,mines_a.csv,2,mines_b.csv,MINE
569,mines_a.csv,2,mines_0.csv,MINE
570,mines_a.csv,2,mines_1.csv,MINE
571,mines_a.csv,2,mines_2.csv,MINE
572,mines_a.csv,2,mines_3.csv,MINE
573,mines_a.csv,2,mines_4.csv,MINE
574,mines_a.csv,2,mines_5.csv,MINE
575,mines_a.csv,2,mines_6.csv,MINE
576,mines_a.csv,2,mines_7.csv,MINE
577,mines_a.csv,2,mines_8.csv,MINE
578,mines_a.csv,2,mines_9.csv,MINE
579,mines_a.csv,2,mines_10.csv,MINE
580,mines_a.csv,2,mines_11.csv,MINE
581,mines_b.csv,1,mines_a.csv,MINE
582,mines_b.csv,1,mines_b.csv,MINE
583,mines_b.csv,1,mines_0.csv,MINE
584,mines_b.csv,1,mines_1.csv,MINE
585,mines_b.csv,1,mines_2.csv,MINE
586,mines_b.csv,1,mines_3.csv,MINE
587,mines_b.csv,1,mines_4.csv,MINE
588,mines_b.csv,1,mines_5.csv,MINE
589,mines_b.csv,1,mines_6.csv,MINE
590,mines_b.csv,1,mines_7.csv,MINE
591,mines_b.csv,1,mines_8.csv,MINE
592,mines_b.csv,1,mines_9.csv,MINE
593,mines_b.csv,1,mines_10.csv,MINE
594,mines_b.csv,1,mines_11.csv,MINE
595,prescribing_a.csv,3,prescribing_a.csv,VTM_NM
596,prescribing_a.csv,3,prescribing_b.csv,VTM_NM
597,prescribing_a.csv,3,prescribing_0.csv,VTM_NM
598,prescribing_a.csv,3,prescribing_1.csv,VTM_NM
599,prescribing_a.csv,3,prescribing_2.csv,VTM_NM
600,prescribing_a.csv,3,prescribing_3.csv,VTM_NM
601,prescribing_a.csv,3,prescribing_4.csv,VTM_NM
602,prescribing_a.csv,3,prescribing_5.csv,VTM_NM
603,prescribing_a.csv,3,prescribing_6.csv,VTM_NM
604,prescribing_a.csv,3,prescribing_7.csv,VTM_NM
605,prescribing_a.csv,3,prescribing_8.csv,VTM_NM
606,prescribing_a.csv,3,prescribing_9.csv,VTM_NM
607,prescribing_a.csv,3,prescribing_10.csv,VTM_NM
608,prescribing_a.csv,3,prescribing_11.csv,VTM_NM
609,prescribing_a.csv,3,prescribing_12.csv,VTM_NM
610,prescribing_b.csv,3,prescribing_a.csv,VTM_NM
611,prescribing_b.csv,3,prescribing_b.csv,VTM_NM
612,prescribing_b.csv,3,prescribing_0.csv,VTM_NM
613,prescribing_b.csv,3,prescribing_1.csv,VTM_NM
614,prescribing_b.csv,3,prescribing_2.csv,VTM_NM
615,prescribing_b.csv,3,prescribing_3.csv,VTM_NM
616,prescribing_b.csv,3,prescribing_4.csv,VTM_NM
617,prescribing_b.csv,3,prescribing_5.csv,VTM_NM
618,prescribing_b.csv,3,prescribing_6.csv,VTM_NM
619,prescribing_b.csv,3,prescribing_7.csv,VTM_NM
620,prescribing_b.csv,3,prescribing_8.csv,VTM_NM
621,prescribing_b.csv,3,prescribing_9.csv,VTM_NM
622,prescribing_b.csv,3,prescribing_10.csv,VTM_NM
623,prescribing_b.csv,3,prescribing_11.csv,VTM_NM
624,prescribing_b.csv,3,prescribing_12.csv,VTM_NM
625,practice_reference_a.csv,1,practice_reference_a.csv,PracticeName
626,practice_reference_a.csv,1,practice_reference_b.csv,PracticeName
627,practice_reference_a.csv,1,practice_reference_0.csv,PracticeName
628,practice_reference_a.csv,1,practice_reference_1.csv,PracticeName
629,practice_reference_a.csv,1,practice_reference_2.csv,PracticeName
630,practice_reference_a.csv,1,practice_reference_3.csv,PracticeName
631,practice_reference_a.csv,1,practice_reference_4.csv,PracticeName
632,practice_reference_a.csv,1,practice_reference_5.csv,PracticeName
633,practice_reference_a.csv,1,practice_reference_6.csv,PracticeName
634,practice_reference_a.csv,1,practice_reference_7.csv,PracticeName
635,practice_reference_a.csv,1,practice_reference_8.csv,PracticeName
636,practice_reference_a.csv,1,practice_reference_9.csv,PracticeName
637,practice_reference_a.csv,1,practice_reference_10.csv,PracticeName
638,practice_reference_a.csv,1,practice_reference_11.csv,PracticeName
639,practice_reference_a.csv,1,practice_reference_12.csv,PracticeName
640,practice_reference_b.csv,0,practice_reference_a.csv,PracticeName
641,practice_reference_b.csv,0,practice_reference_b.csv,PracticeName
642,practice_reference_b.csv,0,practice_reference_0.csv,PracticeName
643,practice_reference_b.csv,0,practice_reference_1.csv,PracticeName
644,practice_reference_b.csv,0,practice_reference_2.csv,PracticeName
645,practice_reference_b.csv,0,practice_reference_3.csv,PracticeName
646,practice_reference_b.csv,0,practice_reference_4.csv,PracticeName
647,practice_reference_b.csv,0,practice_reference_5.csv,PracticeName
648,practice_reference_b.csv,0,practice_reference_6.csv,PracticeName
649,practice_reference_b.csv,0,practice_reference_7.csv,PracticeName
650,practice_reference_b.csv,0,practice_reference_8.csv,PracticeName
651,practice_reference_b.csv,0,practice_reference_9.csv,PracticeName
652,practice_reference_b.csv,0,practice_reference_10.csv,PracticeName
653,practice_reference_b.csv,0,practice_reference_11.csv,PracticeName
654,practice_reference_b.csv,0,practice_reference_12.csv,PracticeName
655,stockport_contracts_a.csv,3,stockport_contracts_a.csv,Contract Title
656,stockport_contracts_a.csv,3,stockport_contracts_b.csv,Contract Title
657,stockport_contracts_a.csv,3,stockport_contracts_0.csv,Contract Title
658,stockport_contracts_a.csv,3,stockport_contracts_1.csv,Contract Title
659,stockport_contracts_a.csv,3,stockport_contracts_2.csv,Contract Title
660,stockport_contracts_a.csv,3,stockport_contracts_3.csv,Contract Title
661,stockport_contracts_a.csv,3,stockport_contracts_4.csv,Contract Title
662,stockport_contracts_a.csv,3,stockport_contracts_5.csv,Contract Title
663,stockport_contracts_a.csv,3,stockport_contracts_6.csv,Contract Title
664,stockport_contracts_a.csv,3,stockport_contracts_7.csv,Contract Title
665,stockport_contracts_a.csv,3,stockport_contracts_8.csv,Contract Title
666,stockport_contracts_a.csv,3,stockport_contracts_9.csv,Contract Title
667,stockport_contracts_a.csv,3,stockport_contracts_10.csv,Contract Title
668,stockport_contracts_a.csv,3,stockport_contracts_11.csv,Contract Title
669,stockport_contracts_b.csv,2,stockport_contracts_a.csv,Contract Title
670,stockport_contracts_b.csv,2,stockport_contracts_b.csv,Contract Title
671,stockport_contracts_b.csv,2,stockport_contracts_0.csv,Contract Title
672,stockport_contracts_b.csv,2,stockport_contracts_1.csv,Contract Title
673,stockport_contracts_b.csv,2,stockport_contracts_2.csv,Contract Title
674,stockport_contracts_b.csv,2,stockport_contracts_3.csv,Contract Title
675,stockport_contracts_b.csv,2,stockport_contracts_4.csv,Contract Title
676,stockport_contracts_b.csv,2,stockport_contracts_5.csv,Contract Title
677,stockport_contracts_b.csv,2,stockport_contracts_6.csv,Contract Title
678,stockport_contracts_b.csv,2,stockport_contracts_7.csv,Contract Title
679,stockport_contracts_b.csv,2,stockport_contracts_8.csv,Contract Title
680,stockport_contracts_b.csv,2,stockport_contracts_9.csv,Contract Title
681,stockport_contracts_b.csv,2,stockport_contracts_10.csv,Contract Title
682,stockport_contracts_b.csv,2,stockport_contracts_11.csv,Contract Title
683,cdc_nutrition_physical_activity_and_obesity_legislation_a.csv,3,cdc_nutrition_physical_activity_and_obesity_legislation_a.csv,Title
684,cdc_nutrition_physical_activity_and_obesity_legislation_a.csv,3,cdc_nutrition_physical_activity_and_obesity_legislation_0.csv,Title
685,cdc_nutrition_physical_activity_and_obesity_legislation_a.csv,3,cdc_nutrition_physical_activity_and_obesity_legislation_1.csv,Title
686,cdc_nutrition_physical_activity_and_obesity_legislation_a.csv,3,cdc_nutrition_physical_activity_and_obesity_legislation_2.csv,Title
687,cdc_nutrition_physical_activity_and_obesity_legislation_a.csv,3,cdc_nutrition_physical_activity_and_obesity_legislation_3.csv,Title
688,cdc_nutrition_physical_activity_and_obesity_legislation_a.csv,3,cdc_nutrition_physical_activity_and_obesity_legislation_4.csv,Title
689,cdc_nutrition_physical_activity_and_obesity_legislation_a.csv,3,cdc_nutrition_physical_activity_and_obesity_legislation_5.csv,Title
690,cdc_nutrition_physical_activity_and_obesity_legislation_a.csv,3,cdc_nutrition_physical_activity_and_obesity_legislation_6.csv,Title
691,cdc_nutrition_physical_activity_and_obesity_legislation_a.csv,3,cdc_nutrition_physical_activity_and_obesity_legislation_7.csv,Title
692,cdc_nutrition_physical_activity_and_obesity_legislation_a.csv,3,cdc_nutrition_physical_activity_and_obesity_legislation_8.csv,Title
693,cdc_nutrition_physical_activity_and_obesity_legislation_a.csv,3,cdc_nutrition_physical_activity_and_obesity_legislation_9.csv,Title
